Name,Location,Rating,Contact
Smooth Esthetics,"2236 Shawnee Ct, Fort Collins, CO, 80525",5.0,+19703001248
Essence Aesthetics,"601 Main St, Windsor, CO, 80550",5.0,+19703885005
Jmarie Skin Studio,"1125 Neon Forest Cir, Longmont, CO, 80504",4.5,+13036418670
Xanadu Med Spa,"2244 E Harmony Rd, Fort Collins, CO, 80528",4.5,+19704821889
Carbon Valley Integrative Therapies,"11409 Business Park Cir, Firestone, CO, 80504",5.0,+19705686860
The Spa at 322 Oak St,"322 E Oak St, Fort Collins, CO, 80524",5.0,+19708892700
Looks Medical Aesthetics,"1542 N Boise Ave, Loveland, CO, 80538",4.0,+19706691055
Sunflower Spa,"1715 Ironhorse Dr, Longmont, CO, 80501",4.5,+13034851390
Urban Radiance,"5900 Keyes St, Frederick, CO, 80504",5.0,+17209345409
